country,policy_name,decision_date,start_date,end_date,,,,,,,,,,,,,,,,,,,
USA,Marine and Hydrokinetic Technology Database United States of America (2009),2009,,,,,,,,,,,,,,,,,,,,,
USA,Fusion Energy Sciences (FES) programme United States of America (2003),2003,,,,,,,,,,,,,,,,,,,,,
USA,General Aviation Fuel Tax (GAFT) United States of America (2019),2019,,,,,,,,,,,,,,,,,,,,,
USA,"Executive Order 13423: Strengthening Federal Environmental, Energy, and Transportation Management United States of America (2007)",2007,,,,,,,,,,,,,,,,,,,,,
USA,Forest Ecosystem Restoration and Hazardous Fuels Reduction Programs United States of America (2000),2000,,,,,,,,,,,,,,,,,,,,,
USA,ENERGY STAR National Campaigns United States of America (2005),2005,,,,,,,,,,,,,,,,,,,,,
USA,Executive Order 13653: Preparing the United States for the Impacts of Climate Change United States of America (2013),2013,,,,,,,,,,,,,,,,,,,,,
USA,Mobile Air Conditioning Climate Protection Partnership United States of America (1999),1999,,,,,,,,,,,,,,,,,,,,,
USA,Saving Energy in Data Centers United States of America (2008),2008,,,,,,,,,,,,,,,,,,,,,
USA,USDA - Biorefinery Assistance Program United States of America (2013),2013,,,,,,,,,,,,,,,,,,,,,
USA,Advanced Energy Design Guides (AEDG) United States of America (2006),2006,,,,,,,,,,,,,,,,,,,,,
USA,Energy Policy and Conservation Act United States of America (1975),1975,,,,,,,,,,,,,,,,,,,,,
USA,Qualified Energy Conservation Bonds (QECBs) United States of America (2008),2008,,,,,,,,,,,,,,,,,,,,,
USA,New Source Performance Standards (NSPS) for Coal Plants United States of America (1977),1977,,,,,,,,,,,,,,,,,,,,,
USA,Federal Energy Management Program (FEMP) United States of America (1978),1978,,,,,,,,,,,,,,,,,,,,,
USA,Smart Grid Development United States of America (2008),2008,,,,,,,,,,,,,,,,,,,,,
USA,Expansion of the Save Energy Now Campaign United States of America (2007),2007,,,,,,,,,,,,,,,,,,,,,
USA,Industrial Technologies Program: BestPractices United States of America (1970),1970,,,,,,,,,,,,,,,,,,,,,
USA,Clean Fuels Grant Program United States of America (1999),1999,,,,,,,,,,,,,,,,,,,,,
USA,Colorado Regulation No. 7: Control of Ozone Precursors and Control of Hydrocarbons via Oil and Gas Emissions United States of America (2019),2019,,,,,,,,,,,,,,,,,,,,,
USA,Greening of the National Park Service United States of America (1999),1999,,,,,,,,,,,,,,,,,,,,,
USA,Energy Policy Act United States of America (1992),1992,,,,,,,,,,,,,,,,,,,,,
USA,National Forest Management Act United States of America (1976),1976,,,,,,,,,,,,,,,,,,,,,
USA,SF6 Emission Reduction Partnership for the Magnesium Industry United States of America (1999),1999,,,,,,,,,,,,,,,,,,,,,
USA,National Goal to Reduce Emissions Intensity United States of America (2002),2002,,,,,,,,,,,,,,,,,,,,,
USA,Light-duty vehicles GHG Emissions Standard United States of America (2021),2021,,,,,,,,,,,,,,,,,,,,,
USA,Clean Cities International (CCI) Initiative United States of America (1994),1994,,,,,,,,,,,,,,,,,,,,,
USA,Waste Energy Recovery Registry (WERR) United States of America (2009),2009,,,,,,,,,,,,,,,,,,,,,
USA,Partnership for Sustainable Communities United States of America (2009),2009,,,,,,,,,,,,,,,,,,,,,
USA,Gas Guzzler Tax United States of America (1991),1991,,,,,,,,,,,,,,,,,,,,,
USA,Hydroelectric Production Incentive Program United States of America (2016),2016,,,,,,,,,,,,,,,,,,,,,
USA,Low or No Emission Vehicle Program - 5339 United States of America (2016),2016,,2020,,,,,,,,,,,,,,,,,,,
USA,California Vehicle Greenhouse Gas Emissions Standards United States of America (2004),2004,,,,,,,,,,,,,,,,,,,,,
USA,Intended Nationally Determined Contribution - INDC United States of America (2015),2015,,2021,,,,,,,,,,,,,,,,,,,
USA,Renewable Fuel Infrastructure Grants United States of America (2008),2008,,,,,,,,,,,,,,,,,,,,,
USA,Bilateral Climate and Energy Partnerships United States of America (2001),2001,,,,,,,,,,,,,,,,,,,,,
USA,Industrial Facilities Initiative (IFI) United States of America (2009),2009,,,,,,,,,,,,,,,,,,,,,
USA,LEED: Existing Buildings operations and maintenance United States of America (2000),2000,,,,,,,,,,,,,,,,,,,,,
USA,Energy Conservation Codes for Public and Assisted Housing United States of America (2008),2008,,,,,,,,,,,,,,,,,,,,,
USA,ENERGY STAR labeled Buildings and Plants United States of America (2004),2004,,,,,,,,,,,,,,,,,,,,,
USA,Hydrogen Program United States of America (2004),2004,,,,,,,,,,,,,,,,,,,,,
USA,Fuel Cell Motor Vehicle Tax Credit United States of America (2006),2006,2006,2014,,,,,,,,,,,,,,,,,,,
USA,National Hydrogen Learning Demonstration United States of America (2004),2004,,,,,,,,,,,,,,,,,,,,,
USA,Executive Order 14057 on the Federan Sustainability Plan United States of America (2021),2021,,,,,,,,,,,,,,,,,,,,,
USA,Maryland Clean Energy Production Tax Credit United States of America (2006),2006,,,,,,,,,,,,,,,,,,,,,
USA,Tax Reform Act United States of America (1986),1986,,,,,,,,,,,,,,,,,,,,,
USA,Cellulosic Biofuel Producer Tax Credit United States of America (2009),2009,,,,,,,,,,,,,,,,,,,,,
USA,Environmentally Preferable Purchasing (EPP) United States of America (1993),1993,,,,,,,,,,,,,,,,,,,,,
USA,"Better Plants, Better Buildings United States of America (2011)",2011,2011,2020,,,,,,,,,,,,,,,,,,,
USA,Deduction for certain energy efficient commercial building property United States of America (2006),2006,2006,2013,,,,,,,,,,,,,,,,,,,
USA,State Utility Commission Assistance United States of America (2005),2005,,,,,,,,,,,,,,,,,,,,,
USA,New energy efficient home credit United States of America (2006),2006,2006,2009,,,,,,,,,,,,,,,,,,,
USA,21st Century Truck Partnership United States of America (2000),2000,,,,,,,,,,,,,,,,,,,,,
USA,Permitting Under the Clean Air Act United States of America (2015),2015,,,,,,,,,,,,,,,,,,,,,
USA,New England Governors and Eastern Canadian Premiers (NEG/ECP) Climate Change Action Plan United States of America (2001),2001,,,,,,,,,,,,,,,,,,,,,
USA,Advanced Manufacturing Office: Industrial Distributed Energy United States of America (2008),2008,,,,,,,,,,,,,,,,,,,,,
USA,Motorcycles emissions regulation United States of America (2010),2010,,,,,,,,,,,,,,,,,,,,,
USA,Native American Housing Block Grants United States of America (1996),1996,,,,,,,,,,,,,,,,,,,,,
USA,Biomass Energy and Alcohol Fuels Act United States of America (1980),1980,,,,,,,,,,,,,,,,,,,,,
USA,State and Local Energy Savings Performance Contracting United States of America (2007),2007,,,,,,,,,,,,,,,,,,,,,
USA,Near-term Transportation Sector Electrification Program United States of America (2008),2008,2008,2013,,,,,,,,,,,,,,,,,,,
USA,National Clean Diesel Campaign United States of America (2004),2004,,,,,,,,,,,,,,,,,,,,,
USA,Technology Commercialization Fund United States of America (2008),2008,,,,,,,,,,,,,,,,,,,,,
USA,Biomass Research and Development Act United States of America (2000),2000,,,,,,,,,,,,,,,,,,,,,
USA,Fuel compliance United States of America (1990),1990,,,,,,,,,,,,,,,,,,,,,
USA,Presidential Executive Order on Promoting Energy Independence and Economic Growth United States of America (2017),2017,,,,,,,,,,,,,,,,,,,,,
USA,2015 IECC with Amendments - State Building Code (Pennsylvania) United States of America (2018),2018,,,,,,,,,,,,,,,,,,,,,
USA,Stationary Engines (NESHAP) standards United States of America (1970),1970,,,,,,,,,,,,,,,,,,,,,
USA,Energy Storage for Transportation and Electric Power (U.S. Energy Storage Competitiveness Act of 2007) United States of America (2009),2009,,,,,,,,,,,,,,,,,,,,,
USA,CO2 Capture and Sequestration Tax Credit United States of America (2008),2008,,,,,,,,,,,,,,,,,,,,,
USA,Appliance and Equipment Energy efficiency Standards United States of America (1988),1988,,,,,,,,,,,,,,,,,,,,,
USA,Solid State Energy Conversion Alliance (SECA) United States of America (1999),1999,,,,,,,,,,,,,,,,,,,,,
USA,Offshore Renewable Energy Program United States of America (2009),2009,,,,,,,,,,,,,,,,,,,,,
USA,EcoCAR: The NeXt Challege United States of America (2008),2008,,,,,,,,,,,,,,,,,,,,,
USA,Affordable Clean Energy (ACE) United States of America (2019),2019,2019,,,,,,,,,,,,,,,,,,,,
USA,Labs21 United States of America (1999),1999,,,,,,,,,,,,,,,,,,,,,
USA,Acid Rain Program United States of America (2000),2000,,,,,,,,,,,,,,,,,,,,,
USA,Geothermal Resource Leasing and Geothermal Resources Unit Agreements United States of America (2007),2007,,,,,,,,,,,,,,,,,,,,,
USA,Global Change Research Act United States of America (1990),1990,,,,,,,,,,,,,,,,,,,,,
USA,Renewable and Energy efficiency Portfolio Standard -- Illinois United States of America (2007),2007,,,,,,,,,,,,,,,,,,,,,
USA,Twenty in Ten United States of America (2007),2007,,,,,,,,,,,,,,,,,,,,,
USA,Blueprint for a secure energy fugure United States of America (2011),2011,,,,,,,,,,,,,,,,,,,,,
USA,On-Board Diagnostic (OBD) systems requirements United States of America (1994),1994,,,,,,,,,,,,,,,,,,,,,
USA,Gasification Technologies Program United States of America (2001),2001,,,,,,,,,,,,,,,,,,,,,
USA,Building Technologies Program United States of America (2008),2008,2008,2012,,,,,,,,,,,,,,,,,,,
USA,Ownership of Coalbed Methane United States of America (1992),1992,,,,,,,,,,,,,,,,,,,,,
USA,Rural Energy For America Program (REAP) United States of America (2002),2002,,,,,,,,,,,,,,,,,,,,,
USA,National Integrated Drought Information System (NIDIS) United States of America (2006),2006,,,,,,,,,,,,,,,,,,,,,
USA,Smart Growth Program United States of America (1996),1996,,,,,,,,,,,,,,,,,,,,,
USA,AgSTAR United States of America (1994),1994,,,,,,,,,,,,,,,,,,,,,
USA,FEMA Federal Flood Risk Management Standard United States of America (2015),2015,,,,,,,,,,,,,,,,,,,,,
USA,Commercial Fuel Tax (CFT) United States of America (2019),2019,,,,,,,,,,,,,,,,,,,,,
USA,Energy Tax Act United States of America (1978),1978,,,,,,,,,,,,,,,,,,,,,
USA,Self-Generation Incentive Program - California United States of America (2003),2003,,,,,,,,,,,,,,,,,,,,,
USA,Energy efficiency Standard for Manufactured Housing United States of America (2008),2008,,,,,,,,,,,,,,,,,,,,,
USA,Save Energy Now State Partnerships United States of America (2007),2007,,,,,,,,,,,,,,,,,,,,,
USA,Residential Energy Conservation Subsidy Exclusion United States of America (1996),1996,,,,,,,,,,,,,,,,,,,,,
USA,Transportation and Climate Change Clearinghouse United States of America (2008),2008,,,,,,,,,,,,,,,,,,,,,
USA,Lighting Energy efficiency Standards United States of America (2000),2000,,,,,,,,,,,,,,,,,,,,,
USA,Natural Gas STAR United States of America (1993),1993,,,,,,,,,,,,,,,,,,,,,
USA,National Appliance Energy Conservation Act - New Efficiency Standard for Residential Heating and Cooling United States of America (2006),2006,,,,,,,,,,,,,,,,,,,,,
USA,Workforce Investment Act United States of America (1998),1998,,,,,,,,,,,,,,,,,,,,,
USA,Utility Solar Water Heating Initiative United States of America (1994),1994,,,,,,,,,,,,,,,,,,,,,
USA,Assisted Housing Stability and Energy and Green Retrofit Investments United States of America (2009),2009,,,,,,,,,,,,,,,,,,,,,
USA,PFC Reduction/Climate Partnership for the Semiconductor Industry United States of America (1996),1996,,,,,,,,,,,,,,,,,,,,,
USA,2015 IECC with Amendments (Massachusetts) United States of America (2017),2017,,,,,,,,,,,,,,,,,,,,,
USA,Advanced Lean Burn Vehicle Tax Credit United States of America (2006),2006,,,,,,,,,,,,,,,,,,,,,
USA,Federal Fleet Fueling Centers United States of America (2008),2008,,,,,,,,,,,,,,,,,,,,,
USA,Home Energy Saver United States of America (1996),1996,,,,,,,,,,,,,,,,,,,,,
USA,Easy Ways to Save Energy Campaign United States of America (2005),2005,,,,,,,,,,,,,,,,,,,,,
USA,Renewable Portfolio Standard -- Nevada United States of America (2005),2005,,,,,,,,,,,,,,,,,,,,,
USA,Green Power Network United States of America (2001),2001,,,,,,,,,,,,,,,,,,,,,
USA,Biomass Program: Integrated Biorefineries Subprogram United States of America (2007),2007,,,,,,,,,,,,,,,,,,,,,
USA,Federal Business Investment Tax Credit (ITC) United States of America (1992),1992,,,,,,,,,,,,,,,,,,,,,
USA,The Department of Energy Organization Act United States of America (1977),1977,,,,,,,,,,,,,,,,,,,,,
USA,EeBuildings United States of America (2002),2002,,,,,,,,,,,,,,,,,,,,,
USA,Vehicle Technologies Program United States of America (1992),1992,,,,,,,,,,,,,,,,,,,,,
USA,Modified Accelerated Cost Recovery System (MACRS) United States of America (1986),1986,,,,,,,,,,,,,,,,,,,,,
USA,Bipartisan Budget Act United States of America (2018),2018,,,,,,,,,,,,,,,,,,,,,
USA,International Framework for Nuclear Energy Cooperation (IFNEC) United States of America (2006),2006,,,,,,,,,,,,,,,,,,,,,
USA,New Federal Buildings Regulations United States of America (2008),2008,,,,,,,,,,,,,,,,,,,,,
USA,Section 1703/1705 Loan Guarantee Program United States of America (2006),2006,2006,2011,,,,,,,,,,,,,,,,,,,
USA,The President's Climate Action Plan United States of America (2013),2013,,2017,,,,,,,,,,,,,,,,,,,
USA,Environmental Cooperation-Asia Clean Development and Climate Program (ECO-Asia CDCP) United States of America (2007),2007,,,,,,,,,,,,,,,,,,,,,
USA,Securing a Clean Energy Future Initiative United States of America (2007),2007,,,,,,,,,,,,,,,,,,,,,
USA,Green Racing Initiative United States of America (2008),2008,,,,,,,,,,,,,,,,,,,,,
USA,Energy and Climate Partnership of the Americas United States of America (2009),2009,,,,,,,,,,,,,,,,,,,,,
USA,National Action Plan for Energy efficiency (NAPEE) United States of America (2006),2006,,,,,,,,,,,,,,,,,,,,,
USA,Reorganization Plan No. 3 (EPA Establishment) United States of America (1970),1970,,,,,,,,,,,,,,,,,,,,,
USA,Zero-Emission Vehicle Investment Initiative United States of America (2018),2018,,,,,,,,,,,,,,,,,,,,,
USA,"Continuous, Lower Energy, Emissions and Noise (CLEEN) Program United States of America (2008)",2008,,,,,,,,,,,,,,,,,,,,,
USA,Energy Efficient Retrofits United States of America (2009),2009,,,,,,,,,,,,,,,,,,,,,
USA,Builders Challenge United States of America (2008),2008,,,,,,,,,,,,,,,,,,,,,
USA,Renewable and Distributed Systems Integration (RDSI) Program United States of America (1999),1999,,,,,,,,,,,,,,,,,,,,,
USA,"Requirements for Process emissions, emissions related to hazardus and toxic substances United States of America (1990)",1990,,,,,,,,,,,,,,,,,,,,,
USA,Fuel Economy Guide United States of America (2000),2000,,,,,,,,,,,,,,,,,,,,,
USA,Energy Independence and Security Act United States of America (2007),2007,,,,,,,,,,,,,,,,,,,,,
USA,Wood-to-Energy Grants United States of America (2009),2009,,,,,,,,,,,,,,,,,,,,,
USA,Climate Showcase Communities Grant Program United States of America (2009),2009,,,,,,,,,,,,,,,,,,,,,
USA,Rulemaking for Appliance Standards United States of America (2019),2019,,,,,,,,,,,,,,,,,,,,,
USA,Carbon Sequestration Capacity Assessment United States of America (2007),2007,,,,,,,,,,,,,,,,,,,,,
USA,Advanced Energy Storage Program United States of America (2002),2002,,,,,,,,,,,,,,,,,,,,,
USA,FreedomCAR and Fuel Partnership United States of America (2002),2002,,,,,,,,,,,,,,,,,,,,,
USA,Solar Energy Research Act United States of America (1974),1974,,,,,,,,,,,,,,,,,,,,,
USA,Lifecycle Building Challenge United States of America (2007),2007,,,,,,,,,,,,,,,,,,,,,
USA,Bright Tomorrow Lighting Prizes (L-Prizes) United States of America (2008),2008,,,,,,,,,,,,,,,,,,,,,
USA,Utility Energy Service Contracts United States of America (1992),1992,,,,,,,,,,,,,,,,,,,,,
USA,Solar Photovoltaic Energy Research & Development and Demonstration Act United States of America (1978),1978,,,,,,,,,,,,,,,,,,,,,
USA,2015 IECC with Amendments - Residential Building code (Virginia) United States of America (2018),2018,,,,,,,,,,,,,,,,,,,,,
USA,Solar America Board for Codes and Standards United States of America (2007),2007,,,,,,,,,,,,,,,,,,,,,
USA,Operation Change Out - Military Challenge United States of America (2008),2008,,,,,,,,,,,,,,,,,,,,,
USA,Next Generation Natural Gas Vehicle Program United States of America (2000),2000,,,,,,,,,,,,,,,,,,,,,
USA,Methane waste prevention rule United States of America (2016),2016,,,,,,,,,,,,,,,,,,,,,
USA,Renewable Fuel Standard (RFS) United States of America (2007),2007,2007,2022,,,,,,,,,,,,,,,,,,,
USA,American Recovery and Reinvestment Act United States of America (2009),2009,,,,,,,,,,,,,,,,,,,,,
USA,Center for Geothermal Technology Transfer United States of America (2008),2008,,,,,,,,,,,,,,,,,,,,,
USA,Biofuel tax credits United States of America (2004),2004,,,,,,,,,,,,,,,,,,,,,
USA,Alternative Fuel Vehicle Community Partner Projects United States of America (2017),2017,,,,,,,,,,,,,,,,,,,,,
USA,America’s Strategy to Secure the Supply Chain for a Robust Clean Energy Transition United States of America (2022),2022,,,,,,,,,,,,,,,,,,,,,
USA,Methane Emissions Reduction Action Plan United States of America (2022),2022,,,,,,,,,,,,,,,,,,,,,
USA,Aviation Fuel Efficiency Goal United States of America (2008),2008,,2015,,,,,,,,,,,,,,,,,,,
USA,Federal Leadership in High Performance and Sustainable Buildings Memorandum of Understanding (MOU) United States of America (2006),2006,,,,,,,,,,,,,,,,,,,,,
USA,Green Purchasing Affirmative Procurement Program (GPAPP) United States of America (2006),2006,,,,,,,,,,,,,,,,,,,,,
USA,Small Business Innovation Research (SBIR) Program United States of America (1982),1982,,,,,,,,,,,,,,,,,,,,,
USA,Requirements for Energy efficiency and Standby Power United States of America (2001),2001,,,,,,,,,,,,,,,,,,,,,
USA,State Climate and Energy Program United States of America (2005),2005,,,,,,,,,,,,,,,,,,,,,
USA,Home Performance with ENERGY STAR United States of America (2002),2002,,,,,,,,,,,,,,,,,,,,,
USA,Partnership for Advanced Technology in Housing United States of America (2001),2001,,,,,,,,,,,,,,,,,,,,,
USA,Carbon Sequestration Regional Partnerships United States of America (2003),2003,,,,,,,,,,,,,,,,,,,,,
USA,"Food, Conservation, and Energy Act United States of America (2008)",2008,,,,,,,,,,,,,,,,,,,,,
USA,American Recovery and Reinvestment Act: Appropriations for Clean Energy United States of America (2009),2009,,,,,,,,,,,,,,,,,,,,,
USA,Stationary Diesel Engines (NSPS) standards United States of America (1990),1990,,,,,,,,,,,,,,,,,,,,,
USA,Energy Improvement and Extension Act United States of America (2008),2008,,,,,,,,,,,,,,,,,,,,,
USA,Renewable Fuel Rules - Greenhouse Gas Reduction Thresholds United States of America (2008),2008,,,,,,,,,,,,,,,,,,,,,
USA,Fannie Mae Green Initiative- Loan Program United States of America (2011),2011,,,,,,,,,,,,,,,,,,,,,
USA,CHP Technical Assistance Partnerships (CHP TAPs) United States of America (2008),2008,2008,2012,,,,,,,,,,,,,,,,,,,
USA,Nationally Determined Contribution - NDC United States of America (2021),2021,2021,2030,,,,,,,,,,,,,,,,,,,
USA,Biodiesel blending tax credit United States of America (2020),2020,2020,2022,,,,,,,,,,,,,,,,,,,
USA,Residential Renewable Energy Tax Credit United States of America (2006),2006,,,,,,,,,,,,,,,,,,,,,
USA,Linear Fluorescent Lamps (MEPS) United States of America (2015),2015,,,,,,,,,,,,,,,,,,,,,
USA,Federal Appliance Standards United States of America (2009),2009,,,,,,,,,,,,,,,,,,,,,
USA,Green the Capitol Initiative United States of America (2007),2007,,,,,,,,,,,,,,,,,,,,,
USA,Geologic Sequestration Training and Research United States of America (2007),2007,,,,,,,,,,,,,,,,,,,,,
USA,Geothermal Energy Research & Development and Demonstration Act United States of America (1974),1974,,,,,,,,,,,,,,,,,,,,,
USA,Solar America United States of America (2006),2006,,,,,,,,,,,,,,,,,,,,,
USA,Climate Friendly Parks United States of America (2002),2002,,,,,,,,,,,,,,,,,,,,,
USA,Regional Direct Air Capture Hubs program United States of America (2022),2022,,,,,,,,,,,,,,,,,,,,,
USA,50001 Ready Program United States of America (2017),2017,,,,,,,,,,,,,,,,,,,,,
USA,Western Renewable Energy Zones (WREZ) Project United States of America (2008),2008,,,,,,,,,,,,,,,,,,,,,
USA,Climate Ready States and Cities Initiative United States of America (2013),2013,,,,,,,,,,,,,,,,,,,,,
USA,American Recovery and Reinvestment Act United States of America (2009),2009,,,,,,,,,,,,,,,,,,,,,
USA,Federal Buildings: Energy efficiency Management United States of America (1999),1999,1999,2007,,,,,,,,,,,,,,,,,,,
USA,Wind Energy Systems Act United States of America (1980),1980,,,,,,,,,,,,,,,,,,,,,
USA,Advanced Vehicle Testing Activity (AVTA) United States of America (2000),2000,,,,,,,,,,,,,,,,,,,,,
USA,Woody Biomass Utilization Grants Program United States of America (2003),2003,,,,,,,,,,,,,,,,,,,,,
USA,Energy-Efficient New Homes Tax Credit for Home Builders United States of America (2014),2014,2014,2014,,,,,,,,,,,,,,,,,,,
USA,Energy Conservation Investment Program (ECIP) United States of America (2001),2001,,,,,,,,,,,,,,,,,,,,,
USA,Solar America Showcases United States of America (2007),2007,,,,,,,,,,,,,,,,,,,,,
USA,Plug-in Electric Drive Motor Vehicle Tax Credit United States of America (2008),2008,,,,,,,,,,,,,,,,,,,,,
USA,Carbon Pollution Standard (CPS) United States of America (2012),2012,,,,,,,,,,,,,,,,,,,,,
USA,HFC-23 Emission Reduction Programme United States of America (1999),1999,,,,,,,,,,,,,,,,,,,,,
USA,Alternative Fuel Vehicle Tax Credits United States of America (2010),2010,2010,,,,,,,,,,,,,,,,,,,,
USA,Safer Affordable Fuel Efficiency (SAFE) rule United States of America (2020),2020,2021,2026,,,,,,,,,,,,,,,,,,,
USA,CCS Demonstration and Large-Scale Geologic Storage Cooperative Agreements United States of America (1997),1997,,,,,,,,,,,,,,,,,,,,,
USA,18Seconds.org United States of America (2007),2007,,,,,,,,,,,,,,,,,,,,,
USA,Heat Island Reduction Initiative (HIRI) United States of America (1997),1997,,,,,,,,,,,,,,,,,,,,,
USA,CAFE/GHG Rule United States of America (2017),2017,,,,,,,,,,,,,,,,,,,,,
USA,Advanced Clean Cars Program United States of America (2012),2012,,,,,,,,,,,,,,,,,,,,,
USA,Automotive X Prize United States of America (2008),2008,,,,,,,,,,,,,,,,,,,,,
USA,Credit for holders of Clean Renewable Energy Bonds (CREBs) United States of America (2006),2006,,,,,,,,,,,,,,,,,,,,,
USA,WasteWise United States of America (1994),1994,1994,,,,,,,,,,,,,,,,,,,,
USA,Best Workplaces for Commuters Program United States of America (2001),2001,,,,,,,,,,,,,,,,,,,,,
USA,"Corporate Average Fuel Economy (CAFE): Light Truck Fuel Economy Standard Rulemaking, MY 2008-2011 United States of America (2006)",2006,,2020,,,,,,,,,,,,,,,,,,,
USA,Center for Corporate Climate Leadership United States of America (2002),2002,,,,,,,,,,,,,,,,,,,,,
USA,Powerful $avings Campaign United States of America (2004),2004,,,,,,,,,,,,,,,,,,,,,
USA,Energy Rating System for Buildings - Chicago United States of America (2019),2019,,,,,,,,,,,,,,,,,,,,,
USA,Qualified Green Building and Sustainable Design Project Bonds United States of America (2004),2004,2004,2012,,,,,,,,,,,,,,,,,,,
USA,Energy Savers United States of America (2003),2003,,,,,,,,,,,,,,,,,,,,,
USA,Rural Energy For America Program (REAP) United States of America (2008),2008,,,,,,,,,,,,,,,,,,,,,
USA,Hydrogen and Fuel Cell Technologies (HFCT) United States of America (2005),2005,,,,,,,,,,,,,,,,,,,,,
USA,Weatherization Assistance Program (WAP) United States of America (1976),1976,,,,,,,,,,,,,,,,,,,,,
USA,Nuclear Power Generation IV International Forum United States of America (2001),2001,,,,,,,,,,,,,,,,,,,,,
USA,Partnership for Advancing Technology in Housing (PATH) United States of America (1998),1998,,,,,,,,,,,,,,,,,,,,,
USA,Marine emissions regulation United States of America (2009),2009,,,,,,,,,,,,,,,,,,,,,
USA,"Aviation Low Emissions, Fuel Efficiency, and Renewable Fuels Measures United States of America (2012)",2012,,,,,,,,,,,,,,,,,,,,,
USA,Accelerated Recovery Period for Depreciation of Smart Meters and Smart Grid Systems United States of America (2008),2008,,,,,,,,,,,,,,,,,,,,,
USA,Global Bioenergy Partnership United States of America (2006),2006,,,,,,,,,,,,,,,,,,,,,
USA,Public Transportation Emergency Relief Program Grants (MAP-21) United States of America (2013),2013,,,,,,,,,,,,,,,,,,,,,
USA,Renewable Resource Data Center United States of America (2010),2010,,,,,,,,,,,,,,,,,,,,,
USA,H-Prize United States of America (2007),2007,,,,,,,,,,,,,,,,,,,,,
USA,Global Gas Flaring Reduction partnership (GGFR) United States of America (2002),2002,,,,,,,,,,,,,,,,,,,,,
USA,Energy Provisions - National Defense Authorization Act for fiscal year 2009 United States of America (2008),2008,,,,,,,,,,,,,,,,,,,,,
USA,Climate VISION (Voluntary Innovative Sector Initiatives: Opportunities Now) United States of America (2003),2003,,2012,,,,,,,,,,,,,,,,,,,
USA,National Biodiesel Education Program United States of America (2002),2002,,,,,,,,,,,,,,,,,,,,,
USA,Renew300 Federal Renewable Energy Target United States of America (2015),2015,,,,,,,,,,,,,,,,,,,,,
USA,Coalbed Methane Outreach Program United States of America (1994),1994,,,,,,,,,,,,,,,,,,,,,
USA,The President's Climate Action Plan Renewable Energy Target United States of America (2013),2013,,,,,,,,,,,,,,,,,,,,,
USA,Electric Drive Vehicle Battery and Component Manufacturing Initiative United States of America (2009),2009,,,,,,,,,,,,,,,,,,,,,
USA,Advanced Technology Vehicle Manufacturing Loan Program United States of America (2008),2008,,,,,,,,,,,,,,,,,,,,,
USA,Biofuel Tax Credits United States United States of America (2012),2012,,,,,,,,,,,,,,,,,,,,,
USA,Voluntary Aluminum Industrial Partnership (VAIP) United States of America (1995),1995,,,,,,,,,,,,,,,,,,,,,
USA,Energy-Efficient Appliance Credit United States of America (2008),2008,,,,,,,,,,,,,,,,,,,,,
USA,Next Generation Air Transportation System (NextGen) United States of America (2003),2003,,,,,,,,,,,,,,,,,,,,,
USA,US Climate Action Plan United States of America (2013),2013,,,,,,,,,,,,,,,,,,,,,
USA,Energy Efficiency Obligation (New Hampshire) United States of America (2018),2018,,,,,,,,,,,,,,,,,,,,,
USA,National Fuel Cell Bus Technology Development Program (NFCBP) United States of America (2005),2005,,,,,,,,,,,,,,,,,,,,,
USA,USDA - High Energy Cost Grant Program United States of America (2014),2014,2015,,,,,,,,,,,,,,,,,,,,
USA,"Executive Order 13514: Federal Leadership in Environmental, Energy, and Economic Performance United States of America (2009)",2009,,,,,,,,,,,,,,,,,,,,,
USA,State and Local Climate and Energy Program United States of America (2015),2015,,,,,,,,,,,,,,,,,,,,,
USA,Energy efficiency and Conservation Block Grant Program United States of America (2008),2008,,,,,,,,,,,,,,,,,,,,,
USA,2015 IECC with Amendments (Pennsylvania) United States of America (2018),2018,,,,,,,,,,,,,,,,,,,,,
USA,Home Energy Score United States of America (2012),2012,,,,,,,,,,,,,,,,,,,,,
USA,US Transport compliance and enforcement Program United States of America (1970),1970,,,,,,,,,,,,,,,,,,,,,
USA,Office of Indian Energy Policy and Programs Grant United States of America (2019),2019,,,,,,,,,,,,,,,,,,,,,
USA,California Solar Initiative United States of America (2007),2007,,,,,,,,,,,,,,,,,,,,,
USA,Televisions (MEPS) United States of America (2013),2013,,,,,,,,,,,,,,,,,,,,,
USA,"Executive Order to Strengthen America’s Forests, Boost Wildfire Resilience, and Combat Global Deforestation United States of America (2022)",2022,,,,,,,,,,,,,,,,,,,,,
USA,"Electric Permitting, Siting and Analysis United States of America (2005)",2005,,,,,,,,,,,,,,,,,,,,,
USA,Manufacturing Extension Partnership (MEP) United States of America (1999),1999,,,,,,,,,,,,,,,,,,,,,
USA,Duncan Hunter National Defense Authorisation Act for Fiscal Year 2009 Energy Provisions United States of America (2008),2008,,,,,,,,,,,,,,,,,,,,,
USA,New Test Methods to Determine Vehicle Fuel Economy United States of America (2006),2006,,,,,,,,,,,,,,,,,,,,,
USA,Wind Powering America United States of America (1999),1999,,,,,,,,,,,,,,,,,,,,,
USA,National Data Center Energy efficiency Information Programme United States of America (2008),2008,,,,,,,,,,,,,,,,,,,,,
USA,Methane to Markets Partnership United States of America (2004),2004,,,,,,,,,,,,,,,,,,,,,
USA,New Qualified Hybrid Motor Vehicle Credit United States of America (2006),2006,2006,2010,,,,,,,,,,,,,,,,,,,
USA,Highway Motor Fuel Tax (HMFT) United States of America (2019),2019,,,,,,,,,,,,,,,,,,,,,
USA,Actions to Expedite Energy-Related Projects United States of America (2001),2001,,,,,,,,,,,,,,,,,,,,,
USA,International Renewable Energy Program United States of America (2003),2003,,,,,,,,,,,,,,,,,,,,,
USA,Smart from the Start Initiative United States of America (2010),2010,,,,,,,,,,,,,,,,,,,,,
USA,Mercury and Air Toxics Standard (MATS) United States of America (2011),2011,2015,,,,,,,,,,,,,,,,,,,,
USA,"Smart Grid Technology Research & Development, and Demonstration United States of America (2008)",2008,,,,,,,,,,,,,,,,,,,,,
USA,Strategy to reduce methane emissions United States of America (2014),2014,,,,,,,,,,,,,,,,,,,,,
USA,Clean Coal and Natural Gas Power Systems Program United States of America (1997),1997,,,,,,,,,,,,,,,,,,,,,
USA,Biomass Program United States of America (2000),2000,,,,,,,,,,,,,,,,,,,,,
USA,Regional Greenhouse Gas Initiative (RGGI) United States of America (2008),2008,,,,,,,,,,,,,,,,,,,,,
USA,Price-Anderson and Nuclear Waste Policy Acts United States of America (1982),1982,,,,,,,,,,,,,,,,,,,,,
USA,National Low Emission Vehicle Program United States of America (1994),1994,,,,,,,,,,,,,,,,,,,,,
USA,Final Rule on Renewable Energy and Alternate Uses of Existing Facilities on the Outer Continental Shelf United States of America (2009),2009,,,,,,,,,,,,,,,,,,,,,
USA,Federal Wind Siting Information Center United States of America (2005),2005,,,,,,,,,,,,,,,,,,,,,
USA,The Power is in your Hands Campaign United States of America (2005),2005,,,,,,,,,,,,,,,,,,,,,
USA,Bio-based Products and Bioenergy Coordination Council (BBCC) United States of America (2002),2002,,,,,,,,,,,,,,,,,,,,,
USA,Alternative Fuels & Fleet Efficiency Program United States of America (1999),1999,,,,,,,,,,,,,,,,,,,,,
USA,Cross-State Air Pollution Rule (CSAPR) United States of America (2011),2011,,,,,,,,,,,,,,,,,,,,,
USA,Hydrodynamic Testing Facilities Database United States of America (2009),2009,,,,,,,,,,,,,,,,,,,,,
USA,State and Alternative Fuel Provider Fleet Program United States of America (1992),1992,,,,,,,,,,,,,,,,,,,,,
USA,Sustainable Communities Regional Planning (SCRP) Grant Program United States of America (2011),2011,,,,,,,,,,,,,,,,,,,,,
USA,Appliances and Commercial Equipment Standards Program: Schedule for Forthcoming Appliance Efficiency Standard Upgrades United States of America (2006),2006,,,,,,,,,,,,,,,,,,,,,
USA,Colorado Senate Bill 19-181 United States of America (2019),2019,,,,,,,,,,,,,,,,,,,,,
USA,Whole Building Design Guide United States of America (2001),2001,,,,,,,,,,,,,,,,,,,,,
USA,Coal Combustion Products Partnership (C2P2) Program United States of America (2003),2003,,,,,,,,,,,,,,,,,,,,,
USA,Tribal Energy Program United States of America (1994),1994,,,,,,,,,,,,,,,,,,,,,
USA,Biomass Research and Development Initiative (BRDI) United States of America (2002),2002,,,,,,,,,,,,,,,,,,,,,
USA,Consumer Central Air Conditioners and Heat Pumps United States of America (2015),2015,,,,,,,,,,,,,,,,,,,,,
USA,Locomotives emissions regulation United States of America (2008),2008,,,,,,,,,,,,,,,,,,,,,
USA,Alternative Motor Vehicle Credit United States of America (2006),2006,,,,,,,,,,,,,,,,,,,,,
USA,Federal Utility Partnership Working Group (FUPWG) United States of America (1994),1994,,,,,,,,,,,,,,,,,,,,,
USA,Biofuel Regional Feedstock Partnerships United States of America (2009),2009,,,,,,,,,,,,,,,,,,,,,
USA,Industrial Assessment Centers (IACs) United States of America (1976),1976,,,,,,,,,,,,,,,,,,,,,
USA,Renewable Energy Production Incentive (REPI) United States of America (1992),1992,,,,,,,,,,,,,,,,,,,,,
USA,Federal Land Policy and Management Act United States of America (1976),1976,,,,,,,,,,,,,,,,,,,,,
USA,Building Energy Software Tools Directory United States of America (1996),1996,,,,,,,,,,,,,,,,,,,,,
USA,Alternative Fuel Infrastructure Tax Credit United States of America (2006),2006,2006,2014,,,,,,,,,,,,,,,,,,,
USA,National EV Infrastructure Formula Program United States of America (2022),2022,2022,2027,,,,,,,,,,,,,,,,,,,
USA,Non-road diesel engine standards United States of America (2000),2000,2000,,,,,,,,,,,,,,,,,,,,
USA,Public Utility Regulatory Policies Act (PURPA) United States of America (1978),1978,,,,,,,,,,,,,,,,,,,,,
USA,Energy Efficiency Obligation (New Jersey) United States of America (2018),2018,,,,,,,,,,,,,,,,,,,,,
USA,Public Utility Regulatory Policies Act United States of America (1978),1978,,,,,,,,,,,,,,,,,,,,,
USA,Efficient Energy for Sustainable Development Partnership (EESD) United States of America (2002),2002,,,,,,,,,,,,,,,,,,,,,
USA,Alternative Motor Fuels Act United States of America (1988),1988,,,,,,,,,,,,,,,,,,,,,
USA,Voluntary Airport Low Emission (VALE) Program United States of America (2003),2003,,,,,,,,,,,,,,,,,,,,,
USA,Residential Energy efficiency Tax Credit United States of America (2006),2006,2006,2007,,,,,,,,,,,,,,,,,,,
USA,Federal Support for Industrial Process Efficiency: Save Energy Now Campaign United States of America (2005),2005,,,,,,,,,,,,,,,,,,,,,
USA,Green Power Partnership United States of America (2001),2001,,,,,,,,,,,,,,,,,,,,,
USA,Energy efficiency Enforcement Regulations United States of America (2009),2009,,,,,,,,,,,,,,,,,,,,,
USA,San Francisco Solar Energy Incentive Program United States of America (2001),2001,,,,,,,,,,,,,,,,,,,,,
USA,"The Long-Term Strategy of the United States, Pathways to Net-Zero Greenhouse Gas Emissions by 2050 United States of America (2021)",2021,2021,2050,,,,,,,,,,,,,,,,,,,
USA,Furnaces and Boilers - New Efficiency Standards United States of America (2006),2006,,,,,,,,,,,,,,,,,,,,,
USA,Interagency Sustainability Working Group United States of America (2001),2001,,,,,,,,,,,,,,,,,,,,,
USA,Energy Storage Technology Advancement Act United States of America (2007),2007,,,,,,,,,,,,,,,,,,,,,
USA,Publicly Traded Partnership Income Treatment of Alternative Fuels and Industrial Source CO2 United States of America (2008),2008,,,,,,,,,,,,,,,,,,,,,
USA,Combined Heat and Power Partnership United States of America (2001),2001,,,,,,,,,,,,,,,,,,,,,
USA,Weatherization and Intergovernmental Program (WIP) United States of America (1976),1976,,,,,,,,,,,,,,,,,,,,,
USA,State Energy Program United States of America (1996),1996,,,,,,,,,,,,,,,,,,,,,
USA,High-Performance Green Building Partnership Consortia United States of America (2008),2008,,,,,,,,,,,,,,,,,,,,,
USA,International Renewable and Energy efficiency Activities United States of America (2003),2003,,,,,,,,,,,,,,,,,,,,,
USA,Federal Fleet Conservation Requirements United States of America (2010),2010,,,,,,,,,,,,,,,,,,,,,
USA,Landfill Methane Outreach Program United States of America (1994),1994,,,,,,,,,,,,,,,,,,,,,
USA,Green Vehicle Guide United States of America (2000),2000,,,,,,,,,,,,,,,,,,,,,
USA,DOE Innovations for Existing Plants (IEP) Program: Carbon Dioxide Capture United States of America (2008),2008,,,,,,,,,,,,,,,,,,,,,
USA,Clean Energy-Environment State Partnership Program United States of America (2005),2005,,,,,,,,,,,,,,,,,,,,,
USA,Infrastructure Investment and Jobs Act United States of America (2021),2021,,,,,,,,,,,,,,,,,,,,,
USA,International Technology Transfer United States of America (2003),2003,,,,,,,,,,,,,,,,,,,,,
USA,2015 IECC with Amendments - Commercial Building Code (Virginia) United States of America (2018),2018,,,,,,,,,,,,,,,,,,,,,
USA,Rural Energy for America Program (REAP) Energy Audit and Renewable Energy Development Assistance (EA/REDA) Program United States of America (2014),2014,,,,,,,,,,,,,,,,,,,,,
USA,Hawaii Energy Code (HEC) United States of America (2015),2015,,,,,,,,,,,,,,,,,,,,,
USA,Atomic Energy Act United States of America (1954),1954,,,,,,,,,,,,,,,,,,,,,
USA,Renewable Electricity Production Tax Credit (PTC) United States of America (1992),1992,,2021,,,,,,,,,,,,,,,,,,,
USA,Superior Energy Performance (SEP) United States of America (2008),2008,,,,,,,,,,,,,,,,,,,,,
USA,LEED for Homes United States of America (2000),2000,,,,,,,,,,,,,,,,,,,,,
USA,Farm Security and Rural Investment Act United States of America (2002),2002,,,,,,,,,,,,,,,,,,,,,
USA,Voluntary Code of Practice for the Reduction of Emissions of HFC and PFC Fire Protection Agents United States of America (2002),2002,,,,,,,,,,,,,,,,,,,,,
USA,Public-Private Partnership - Climate Savers United States of America (2000),2000,,,,,,,,,,,,,,,,,,,,,
USA,Light-duty GHG emissions and fuel consumption standards United States of America (2017),2017,2017,2025,,,,,,,,,,,,,,,,,,,
USA,Affordable Clean Energy (ACE) United States of America (2019),2019,,,,,,,,,,,,,,,,,,,,,
USA,Solid-state lighting (SSL) research and development (R&D) United States of America (2000),2000,,,,,,,,,,,,,,,,,,,,,
USA,Renewable Portfolio Standard -- Colorado United States of America (2004),2004,,,,,,,,,,,,,,,,,,,,,
USA,Federal Electronics Challenge United States of America (2007),2007,2007,2013,,,,,,,,,,,,,,,,,,,
USA,Federal Renewable Production Tax Credit (PTC) United States of America (1992),1992,,,,,,,,,,,,,,,,,,,,,
USA,Geothermal Technologies Program (GTP) United States of America (1977),1977,,,,,,,,,,,,,,,,,,,,,
USA,Light Duty Vehicle Fuel Economy and Environment label United States of America (2006),2006,,,,,,,,,,,,,,,,,,,,,
USA,Joint Global Change Research Institute (JGCRI) United States of America (2001),2001,,,,,,,,,,,,,,,,,,,,,
USA,Grants for Impact Aid Construction United States of America (2009),2009,,,,,,,,,,,,,,,,,,,,,
USA,North Carolina Commercial Building Code United States of America (2019),2019,,,,,,,,,,,,,,,,,,,,,
USA,Climate Ready Water Utilities (CRWU) United States of America (2008),2008,,,,,,,,,,,,,,,,,,,,,
USA,Asia-Pacific Partnership on Clean Development and Climate United States of America (2005),2005,,,,,,,,,,,,,,,,,,,,,
USA,Energy Policy Act United States of America (2005),2005,,,,,,,,,,,,,,,,,,,,,
USA,Solar Heating and Cooling Demonstration Act United States of America (1974),1974,,,,,,,,,,,,,,,,,,,,,
USA,Inland Waterways Trust Fund Financing Rate (IWTF Tax) United States of America (1978),1978,,,,,,,,,,,,,,,,,,,,,
USA,Carbon Dioxide Information Analysis Center (CDIAC) United States of America (1982),1982,,,,,,,,,,,,,,,,,,,,,
USA,Climate Change Technology Program (CCTP) United States of America (2002),2002,,,,,,,,,,,,,,,,,,,,,
USA,Responsible Appliance Disposal Program United States of America (2006),2006,,,,,,,,,,,,,,,,,,,,,
USA,High Temperature Superconductivity (HTS) Program United States of America (2005),2005,,,,,,,,,,,,,,,,,,,,,
USA,Green Power Purchasing Goal for Federal Government United States of America (2015),2015,,,,,,,,,,,,,,,,,,,,,
USA,Wind power development: MOU between DOE and wind companies United States of America (2008),2008,,,,,,,,,,,,,,,,,,,,,
USA,New Jersey Voluntary Agreement with State Power Plant Operator United States of America (2002),2002,,,,,,,,,,,,,,,,,,,,,
USA,Energy-Efficient Federal Motor Vehicle Fleet Procurement United States of America (2009),2009,,,,,,,,,,,,,,,,,,,,,
USA,Bioenergy Research Centers (BRCs) United States of America (2007),2007,,,,,,,,,,,,,,,,,,,,,
USA,Modernization of Electric Grid United States of America (2008),2008,,,,,,,,,,,,,,,,,,,,,
USA,Building America United States of America (2004),2004,,,,,,,,,,,,,,,,,,,,,
USA,ENERGY STAR - Certified New Homes United States of America (1992),1992,1992,,,,,,,,,,,,,,,,,,,,
USA,Energy for the New Millennium: National Photovoltaics Program Plan United States of America (1999),1999,,,,,,,,,,,,,,,,,,,,,
USA,Clean Cities United States of America (1993),1993,,,,,,,,,,,,,,,,,,,,,
USA,Biodiesel specifications United States of America (2002),2002,,,,,,,,,,,,,,,,,,,,,
USA,Diesel Emissions Reduction Act of 2010 United States of America (2011),2011,,2016,,,,,,,,,,,,,,,,,,,
USA,Technical Assistance Program (TAP) United States of America (2009),2009,,,,,,,,,,,,,,,,,,,,,
USA,Grants for Production of Advanced Biofuels United States of America (2008),2008,,,,,,,,,,,,,,,,,,,,,
USA,Environmental Quality Incentives Program (EQIP) United States of America (1996),1996,,,,,,,,,,,,,,,,,,,,,
USA,Clean Power Plan United States of America (2014),2014,,,,,,,,,,,,,,,,,,,,,
USA,Atlantic Interoperability Initiative to Reduce Emissions (AIRE) United States of America (2007),2007,,,,,,,,,,,,,,,,,,,,,
USA,GreenChill Advanced Refrigeration Partnership United States of America (2007),2007,,,,,,,,,,,,,,,,,,,,,
USA,Copenhagen Accord pledge of United States United States of America (2010),2010,2010,2020,,,,,,,,,,,,,,,,,,,
USA,Solar Decathlon United States of America (2002),2002,,,,,,,,,,,,,,,,,,,,,
USA,International Partnership for Hydrogen and Fuel Cells in the Economy (IPHE) United States of America (2003),2003,,,,,,,,,,,,,,,,,,,,,
USA,Partnership for Clean Fuels and Vehicles United States of America (2002),2002,,,,,,,,,,,,,,,,,,,,,
USA,California Climate Action Registry United States of America (2001),2001,,,,,,,,,,,,,,,,,,,,,
USA,Economic Recovery Act United States of America (1981),1981,,,,,,,,,,,,,,,,,,,,,
USA,New York State Energy Plan United States of America (2002),2002,,2020,,,,,,,,,,,,,,,,,,,
USA,Bureau of Land Management Renewable Energy Resources United States of America (2009),2009,,,,,,,,,,,,,,,,,,,,,
USA,SmartWay Transport Partnership United States of America (2004),2004,,,,,,,,,,,,,,,,,,,,,
USA,Commercial Aviation Alternative Fuels Initiative (CAAFI) United States of America (2006),2006,,,,,,,,,,,,,,,,,,,,,
USA,International Biofuels Forum (IBF) United States of America (2007),2007,,,,,,,,,,,,,,,,,,,,,
USA,Air Quality Standards United States of America (2013),2013,,,,,,,,,,,,,,,,,,,,,
USA,Greenhouse Gas Emissions and Fuel Efficiency Standards for Medium- and Heavy-Duty Engines and Vehicles (Phase 2) United States of America (2016),2016,,,,,,,,,,,,,,,,,,,,,
USA,SF6 Emission Reduction Partnership for Electric Power Systems United States of America (1999),1999,,,,,,,,,,,,,,,,,,,,,
USA,Energy Savings Performance Contracts (ESPCs) United States of America (1999),1999,,,,,,,,,,,,,,,,,,,,,
USA,Community Renewable Energy Deployment Grants United States of America (2007),2007,,,,,,,,,,,,,,,,,,,,,
USA,Interconnection Standards for Small Generators United States of America (2005),2005,,,,,,,,,,,,,,,,,,,,,
USA,Federal Transit and Railway Programs United States of America (2005),2005,,,,,,,,,,,,,,,,,,,,,
USA,Alternative Fuel Tax Exemption United States of America (1994),1994,,,,,,,,,,,,,,,,,,,,,
USA,Building Energy Codes United States of America (1992),1992,,,,,,,,,,,,,,,,,,,,,
USA,Commercial Building Initiative United States of America (2000),2000,,,,,,,,,,,,,,,,,,,,,
USA,National Environmental Policy Act United States of America (1970),1970,,,,,,,,,,,,,,,,,,,,,
USA,EnergySmart Schools United States of America (1998),1998,,,,,,,,,,,,,,,,,,,,,
USA,Hydrogen Program Plan United States of America (2020),2020,,,,,,,,,,,,,,,,,,,,,
USA,Kigali Amendment on HFCs United States of America (2021),2021,2022,,,,,,,,,,,,,,,,,,,,
USA,Building Blocks for Climate Smart Agriculture & Forestry United States of America (2015),2015,2015,,,,,,,,,,,,,,,,,,,,
USA,Industrial Technologies Program United States of America (1999),1999,,,,,,,,,,,,,,,,,,,,,
USA,Diesel Occupational Health Regulations United States of America (2005),2005,,,,,,,,,,,,,,,,,,,,,
USA,LEED for new constructions and major renovations United States of America (2000),2000,,,,,,,,,,,,,,,,,,,,,
USA,Gasoline and Diesel Sulfur Limits United States of America (2007),2007,,,,,,,,,,,,,,,,,,,,,
USA,Clean Coal Facility Tax Credit United States of America (2006),2006,2006,2025,,,,,,,,,,,,,,,,,,,
USA,Landfill Air Regulations United States of America (1996),1996,,,,,,,,,,,,,,,,,,,,,
USA,Volumetric Ethanol Excise Tax Credit (VEETC) United States of America (1979),1979,1979,2010,,,,,,,,,,,,,,,,,,,
USA,Renewable Portfolio Standard -- Massachusetts United States of America (1997),1997,,,,,,,,,,,,,,,,,,,,,
USA,Energy Efficient Mortgages United States of America (1992),1992,,,,,,,,,,,,,,,,,,,,,
USA,Wind & Water Power Program United States of America (2008),2008,,,,,,,,,,,,,,,,,,,,,
USA,Onshore Renewable Energy Development Programs United States of America (2009),2009,,,,,,,,,,,,,,,,,,,,,
USA,Executive Order 13693: Planning for Federal Sustainability in the Next Decade United States of America (2015),2015,,2025,,,,,,,,,,,,,,,,,,,
USA,National Infrastructure Protection Plan (NIPP) United States of America (2013),2013,,,,,,,,,,,,,,,,,,,,,
USA,U.S. Department of Energy - Loan Guarantee Program United States of America (2005),2005,,,,,,,,,,,,,,,,,,,,,
USA,Rural Development Biofuels Programs United States of America (2008),2008,,,,,,,,,,,,,,,,,,,,,
USA,BioPreferred Program United States of America (2002),2002,,,,,,,,,,,,,,,,,,,,,
USA,EPA Climate Change Public Outreach Tools United States of America (1997),1997,,,,,,,,,,,,,,,,,,,,,
USA,Accelerate Energy Productivity 2030 United States of America (2014),2014,2015,2030,,,,,,,,,,,,,,,,,,,
USA,Australia and South Pacific Initiative to Reduce Emissions (ASPIRE) United States of America (2008),2008,,,,,,,,,,,,,,,,,,,,,
USA,Clean Air Act United States of America (1970),1970,,,,,,,,,,,,,,,,,,,,,
USA,MEPS Microwave (Standby) United States of America (2016),2016,,,,,,,,,,,,,,,,,,,,,
USA,Appliance and Equipment Energy efficiency Standards United States of America (2006),2006,,,,,,,,,,,,,,,,,,,,,
USA,ENERGY STAR-labeled Products United States of America (1992),1992,,,,,,,,,,,,,,,,,,,,,
USA,Credit for production from advanced nuclear power facilities United States of America (2006),2006,2006,2020,,,,,,,,,,,,,,,,,,,
USA,Burn Wise United States of America (2007),2007,,,,,,,,,,,,,,,,,,,,,
USA,Executive Order on Tackling the Climate Crisis at Home and Abroad United States of America (2021),2021,2021,2050,,,,,,,,,,,,,,,,,,,
USA,Energy-Efficient Commercial Buildings Tax Deduction United States of America (2006),2006,2006,2014,,,,,,,,,,,,,,,,,,,
USA,Renewable Portfolio Standard -- California United States of America (2002),2002,,,,,,,,,,,,,,,,,,,,,
USA,Inflation Reduction Act United States of America (2022),2022,,,,,,,,,,,,,,,,,,,,,
USA,Solar America Cities United States of America (2007),2007,,,,,,,,,,,,,,,,,,,,,
USA,The Safer Affordable Fuel-Efficient (SAFE) Vehicles Rule for Model Years 2021–2026 Passenger Cars and Light Trucks United States of America (2020),2020,2021,2026,,,,,,,,,,,,,,,,,,,
USA,Executive Order 13834: Efficient Federal Operations United States of America (2018),2018,,,,,,,,,,,,,,,,,,,,,
USA,Reformulated Gasoline Program United States of America (1995),1995,,,,,,,,,,,,,,,,,,,,,
USA,National Program for Heavy-Duty Vehicle GHG Emissions and Fuel Efficiency Standards United States of America (2014),2014,2014,,,,,,,,,,,,,,,,,,,,
USA,New Hampshire Emissions reductions from Power Plants United States of America (2002),2002,,,,,,,,,,,,,,,,,,,,,
USA,Clean Coal Power Initiative United States of America (2002),2002,,,,,,,,,,,,,,,,,,,,,
USA,Chicago Climate Exchange (CCX) United States of America (2002),2002,,,,,,,,,,,,,,,,,,,,,
USA,Better Buildings Accelerators United States of America (2013),2013,,,,,,,,,,,,,,,,,,,,,
USA,State Building Code (Nevada) United States of America (2018),2018,,,,,,,,,,,,,,,,,,,,,
USA,NOAA Climate Program Office United States of America (2001),2001,,,,,,,,,,,,,,,,,,,,,
USA,Consolidated Appropriations Act 2016 United States of America (2015),2015,2016,,,,,,,,,,,,,,,,,,,,
USA,Significant New Alternatives Policy (SNAP) Program United States of America (1990),1990,,2018,,,,,,,,,,,,,,,,,,,
USA,Mandatory Reporting of Greenhouse Gases Rule United States of America (2010),2010,,,,,,,,,,,,,,,,,,,,,
USA,New Energy Tax Incentives for Renewable Energy and Low-Emission Transport United States of America (2004),2004,,,,,,,,,,,,,,,,,,,,,
USA,FHA PowerSaver Loan Program United States of America (2015),2015,,,,,,,,,,,,,,,,,,,,,
USA,Conservation Reserve Program United States of America (1986),1986,,,,,,,,,,,,,,,,,,,,,
USA,Advanced Energy Storage Program United States of America (1992),1992,,,,,,,,,,,,,,,,,,,,,
USA,Low Income Home Energy Assistance Program (LIHEAP) United States of America (1982),1982,,,,,,,,,,,,,,,,,,,,,
USA,Energy Efficiency and Conservation Loan Program United States of America (2013),2013,,,,,,,,,,,,,,,,,,,,,
USA,Small Ethanol Producer Tax Credit United States of America (1991),1991,1991,2010,,,,,,,,,,,,,,,,,,,
USA,Offshore wind and ocean energy testing United States of America (2008),2008,,,,,,,,,,,,,,,,,,,,,
USA,Steps to Drive American Leadership Forward on Clean Cars and Trucks United States of America (2021),2021,2021,2030,,,,,,,,,,,,,,,,,,,
USA,Industrial Technologies Program: Industries of the Future United States of America (1975),1975,,,,,,,,,,,,,,,,,,,,,
USA,American Innovation and Manufacturing (AIM) Act United States of America (2021),2021,,,,,,,,,,,,,,,,,,,,,
USA,Renewable Fuel Standard United States of America (2005),2005,,,,,,,,,,,,,,,,,,,,,
